categoria,media_preco,desvio_padrao_preco,total_unidades_vendidas,receita_total,numero_vendas,preco_minimo,preco_maximo,quantidade_media
Brinquedos,934.2830769230768,600.3900242534654,151,160639.38999999998,13,85.67,1885.99,11.615384615384617
Alimentos,1012.0550000000004,472.97794109356846,88,102758.86,10,282.97,1943.57,8.8
Livros,1004.365,625.9651044098935,83,91512.46,10,195.34,1792.05,8.3
Vestuário,953.77,621.5845862882309,70,78981.97999999998,10,6.04,1814.12,7.0
Eletronicos,911.3928571428572,492.7945150098664,71,69131.42,7,226.23,1392.55,10.142857142857142
