categoria,preco_medio,preco_std,total_unidades,receita_total
Brinquedos,934.2830769230769,600.3900242534654,151,160639.38999999998
