categoria,preco_medio,preco_std,total_unidades,receita_total
Livros,1004.3650000000001,625.9651044098935,83,91512.45999999999
